City_ID,City,Lat,Lng,Max Temp,Humidity,Cloudiness,Wind Speed,Country,Date
0,waitangi,-43.9535,-176.5597,11.01,80,8,3.13,NZ,1687492044
1,san juan de miraflores,-12.1629,-76.9635,20.29,81,77,4.54,PE,1687492045
2,bouna,9.2667,-3.0,21.77,88,63,2.97,CI,1687492045
3,kodiak,57.79,-152.4072,9.73,93,100,2.06,US,1687492003
4,mrakovo,52.7161,56.6244,11.52,66,100,1.44,RU,1687492045
5,adamstown,-25.066,-130.1015,20.63,50,45,8.6,PN,1687492046
6,prineville,44.2999,-120.8345,24.39,29,0,3.09,US,1687492046
7,isangel,-19.55,169.2667,23.1,60,29,4.63,VU,1687492047
8,fortuna,40.5982,-124.1573,14.4,92,100,2.06,US,1687492047
9,mount gambier,-37.8333,140.7667,12.83,65,10,2.44,AU,1687492047
10,yellowknife,62.456,-114.3525,20.29,37,20,4.12,CA,1687492048
11,ad dabbah,18.05,30.95,27.78,21,23,3.23,SD,1687492049
12,talara,-4.5772,-81.2719,21.99,82,33,6.29,PE,1687492049
13,al badari,26.9926,31.4155,24.08,42,0,3.73,EG,1687492049
14,anadyr,64.75,177.4833,8.28,81,100,5.0,RU,1687492049
15,bikenibeu village,1.3673,173.1241,30.98,70,40,3.09,KI,1687492050
16,minas de marcona,-15.2119,-75.1103,12.67,87,69,5.8,PE,1687492050
17,bilibino,68.0546,166.4372,18.15,64,100,1.57,RU,1687492050
18,blackmans bay,-43.0167,147.3167,10.96,96,100,6.84,AU,1687492050
19,afaahiti,-17.75,-149.2833,25.93,82,99,10.63,PF,1687492051
20,hawaiian paradise park,19.5933,-154.9731,26.73,81,75,3.6,US,1687492051
21,port arthur,38.8,121.2667,28.12,67,6,4.8,CN,1687492051
22,belo sur tsiribihina,-19.7,44.55,15.0,86,0,2.07,MG,1687492052
23,tazacorte,28.629,-17.9293,22.54,85,100,4.63,ES,1687492052
24,crane,31.3974,-102.3501,32.35,26,49,5.77,US,1687492052
25,kale,50.9581,1.8521,13.89,83,7,2.27,FR,1687492053
26,hasaki,35.7333,140.8333,24.05,82,100,1.84,JP,1687492053
27,edinburgh of the seven seas,-37.0676,-12.3116,11.55,59,99,7.06,SH,1687492054
28,aasiaat,68.7098,-52.8699,0.97,87,100,1.98,GL,1687492054
29,college,64.8569,-147.8028,22.55,70,75,5.14,US,1687492054
30,port-aux-francais,-49.35,70.2167,8.12,97,100,17.42,TF,1687492054
31,dunedin,-45.8742,170.5036,11.0,91,100,1.39,NZ,1687492054
32,magong,23.5654,119.5863,28.15,80,99,4.43,TW,1687492055
33,puerto ayora,-0.7393,-90.3518,23.64,92,86,4.42,EC,1687492055
34,margaret river,-33.95,115.0667,12.24,64,87,9.18,AU,1687492055
35,ushuaia,-54.8,-68.3,0.81,80,75,4.63,AR,1687492026
36,nova xavantina,-14.6667,-52.35,20.36,55,9,0.99,BR,1687492055
37,pekalongan,-6.8886,109.6753,33.34,65,7,1.59,ID,1687492056
38,tiksi,71.6872,128.8694,17.47,34,55,7.38,RU,1687492056
39,champerico,14.3,-91.9167,27.71,72,100,1.56,GT,1687492056
40,el porvenir,13.7617,-87.3458,24.63,91,97,2.15,HN,1687491982
41,ribeira grande,38.5167,-28.7,20.99,96,100,5.81,PT,1687492057
42,uturoa,-16.7333,-151.4333,26.55,79,75,8.17,PF,1687492057
43,georgetown,5.4112,100.3354,31.96,74,20,3.09,MY,1687492057
44,sandnessjoen,66.0217,12.6316,12.29,100,75,7.2,NO,1687492058
45,pisco,-13.7,-76.2167,16.68,82,1,2.57,PE,1687492058
46,zaragoza,41.6561,-0.8773,20.57,64,0,3.58,ES,1687491786
47,stanley,54.868,-1.6985,12.65,91,0,1.03,GB,1687492059
48,conduaga,8.862,117.4893,29.26,69,99,1.18,PH,1687492059
49,invercargill,-46.4,168.35,10.57,84,95,2.65,NZ,1687492060
50,tsengel,49.4783,100.8894,23.19,40,52,2.31,MN,1687492060
51,bonthe,7.5264,-12.505,23.86,91,91,0.98,SL,1687492060
52,bardai,11.65,7.2333,24.09,71,100,2.9,NG,1687492061
53,ust-nera,64.5667,143.2,24.19,26,87,1.89,RU,1687492061
54,san patricio,28.017,-97.5169,29.35,78,18,5.57,US,1687492061
55,vorgashor,67.5833,63.95,4.31,64,99,5.47,RU,1687492062
56,carnarvon,-24.8667,113.6333,18.44,54,88,2.87,AU,1687492062
57,dampit,-8.2116,112.7493,29.23,46,4,2.09,ID,1687492062
58,egilsstadir,65.2653,-14.3948,11.95,66,0,6.17,IS,1687492063
59,coquimbo,-29.9533,-71.3436,13.85,100,0,3.6,CL,1687492063
60,carutapera,-1.195,-46.02,23.31,94,17,1.32,BR,1687492063
61,tofol,5.3248,163.0078,30.88,70,75,5.14,FM,1687492063
62,mutum biyu,8.6333,10.7667,22.91,92,97,1.56,NG,1687492064
63,pacific grove,36.6177,-121.9166,14.81,84,75,4.12,US,1687491900
64,port elizabeth,-33.918,25.5701,10.17,89,0,4.12,ZA,1687492065
65,thompson,55.7435,-97.8558,14.09,72,40,3.6,CA,1687492034
66,papatowai,-46.5619,169.4708,10.6,89,100,1.46,NZ,1687492065
67,grytviken,-54.2811,-36.5092,0.86,84,100,2.77,GS,1687492066
68,bam,29.106,58.357,39.3,10,36,4.02,IR,1687492066
69,longyearbyen,78.2186,15.6401,7.91,81,75,1.54,SJ,1687492066
70,khandyga,62.6667,135.6,28.12,43,86,0.94,RU,1687492067
71,pontchateau,47.4333,-2.0833,15.99,94,0,1.54,FR,1687492067
72,juneau,58.3019,-134.4197,20.0,100,75,2.57,US,1687492067
73,brandon,27.9378,-82.2859,28.95,84,0,3.09,US,1687492068
74,bethel,41.3712,-73.414,19.17,87,0,1.54,US,1687492068
75,kingston,17.997,-76.7936,30.53,78,20,7.2,JM,1687492049
76,puerto natales,-51.7236,-72.4875,1.71,99,100,0.88,CL,1687492068
77,wailua homesteads,22.0669,-159.378,29.24,79,75,8.23,US,1687492069
78,east london,-33.0153,27.9116,11.52,82,0,4.12,ZA,1687491779
79,qaqortoq,60.7167,-46.0333,3.12,97,100,1.7,GL,1687492070
80,sitka,57.0531,-135.33,18.94,68,20,4.12,US,1687492070
81,dapa,9.7594,126.0531,27.98,75,97,2.26,PH,1687492071
82,yeniseysk,58.4497,92.1703,14.8,61,98,4.67,RU,1687492072
83,floro,61.5996,5.0328,12.91,87,100,4.63,NO,1687492072
84,bassila,9.0081,1.6654,21.62,88,85,0.3,BJ,1687492072
85,sept-iles,50.2001,-66.3821,16.24,81,100,1.03,CA,1687492073
86,alice springs,-23.7,133.8833,18.75,26,24,1.54,AU,1687491910
87,avarua,-21.2078,-159.775,26.03,94,75,6.69,CK,1687492074
88,kargasok,59.0556,80.8572,8.23,71,100,5.46,RU,1687492074
89,lake havasu city,34.4839,-114.3224,34.34,7,0,8.75,US,1687492074
90,wickenburg,33.9686,-112.7296,29.55,10,0,5.08,US,1687492075
91,sukhinichi,54.0999,35.3425,16.86,95,100,2.49,RU,1687492075
92,spassk,52.747,87.7545,17.03,52,81,3.47,RU,1687492075
93,haiku-pauwela,20.9219,-156.3051,28.01,67,40,10.8,US,1687492075
94,saipan,15.1355,145.701,33.39,100,20,7.72,MP,1687492075
95,jamestown,42.097,-79.2353,20.77,83,100,3.6,US,1687492032
96,albany,42.6001,-73.9662,18.36,83,96,1.19,US,1687491927
97,crozon,48.2464,-4.4899,15.06,94,98,1.54,FR,1687492076
98,nuku'alofa,-21.1333,-175.2,24.19,78,20,5.14,TO,1687492076
99,lardero,42.4269,-2.4615,14.4,94,0,2.57,ES,1687492077
100,maputo,-25.9653,32.5892,15.82,81,40,3.13,MZ,1687492077
101,north platte,41.1239,-100.7654,20.62,86,0,3.09,US,1687492077
102,urangan,-25.3,152.9,24.0,70,29,7.16,AU,1687492078
103,trondheim,63.4305,10.3951,13.03,85,100,0.45,NO,1687492067
104,espumoso,-28.7247,-52.8497,16.42,97,97,2.95,BR,1687492078
105,kudahuvadhoo,2.6708,72.8944,28.21,76,100,5.78,MV,1687492078
106,la passe,45.5549,-0.8967,17.77,86,31,1.44,FR,1687492079
107,aioun,16.6614,-9.6149,34.38,28,6,4.54,MR,1687492079
108,garoowe,8.4054,48.4845,24.45,63,18,10.05,SO,1687492079
109,vorkuta,67.5,64.0,4.67,63,99,5.42,RU,1687492080
110,nemuro,43.3236,145.575,13.43,87,100,2.64,JP,1687492080
111,donggang,28.9365,114.2259,21.21,93,100,0.52,CN,1687492080
112,laguna,38.421,-121.4238,19.86,67,0,5.66,US,1687492081
113,west island,-12.1568,96.8225,27.99,78,75,4.63,CC,1687492081
114,cruzeiro do sul,-29.5128,-51.9853,18.06,94,98,0.58,BR,1687492081
115,pariaman,-0.619,100.12,29.03,80,40,2.89,ID,1687492081
116,nar'yan-mar,67.6713,53.087,9.42,66,63,3.37,RU,1687491880
117,port mathurin,-19.6833,63.4167,23.25,62,100,7.35,MU,1687492082
118,lompoc,34.6391,-120.4579,15.99,87,40,3.09,US,1687492082
119,san antonio de pale,-1.4014,5.6325,22.84,78,30,5.48,GQ,1687492082
120,saynshand,44.8824,110.1163,35.68,12,53,5.1,MN,1687492083
121,mangalia,43.8,28.5833,20.99,74,0,1.17,RO,1687492083
122,whitehorse,60.7161,-135.0538,25.17,31,75,3.6,CA,1687492083
123,porto novo,6.4965,2.6036,25.9,92,71,2.36,BJ,1687492083
124,lebu,-37.6167,-73.65,12.38,96,100,4.84,CL,1687492083
125,santo antonio do ica,-3.1022,-67.9397,22.69,98,100,0.06,BR,1687492084
126,mirnyy,62.5353,113.9611,22.55,42,100,3.5,RU,1687492084
127,basco,20.4487,121.9702,28.5,78,79,2.81,PH,1687492085
128,mount pearl,47.5166,-52.7813,15.81,80,100,5.66,CA,1687492085
129,hermanus,-34.4187,19.2345,10.45,66,0,2.93,ZA,1687492085
130,kamina,-8.7386,24.9906,14.01,49,0,1.82,CD,1687492085
131,selfoss,63.9331,-20.9971,12.8,97,100,6.69,IS,1687492085
132,forster,-32.1667,152.5167,19.65,60,4,5.85,AU,1687492086
133,fale old settlement,-9.3852,-171.2468,28.09,73,42,3.99,TK,1687492086
134,gadzhiyevo,69.2551,33.3362,15.71,57,10,3.93,RU,1687492086
135,horta,38.5333,-28.6333,20.57,96,100,5.81,PT,1687492086
136,jayapura,-2.5333,140.7,29.66,77,89,2.0,ID,1687492086
137,oriximina,-1.7656,-55.8661,23.01,95,61,1.7,BR,1687492087
138,port shepstone,-30.7414,30.455,12.44,71,38,2.84,ZA,1687492087
139,ghat,24.9647,10.1728,26.04,21,0,1.63,LY,1687492088
140,isafjordur,66.0755,-23.124,9.69,86,100,3.5,IS,1687492088
141,salobrena,36.7428,-3.5872,24.15,77,0,1.83,ES,1687492088
142,pampas,-12.4,-74.9,7.23,91,14,0.38,PE,1687492089
143,luebo,-5.35,21.4167,22.64,72,86,0.53,CD,1687492089
144,constantia,44.1833,28.65,19.38,71,0,1.52,RO,1687491884
145,trino,45.1921,8.2961,21.58,83,49,2.17,IT,1687492089
146,malvan,16.0667,73.4667,28.73,77,52,4.0,IN,1687492089
147,opuwo,-18.0607,13.84,12.6,25,0,2.56,NA,1687492090
148,saladan,7.6134,99.0365,29.42,64,100,4.16,TH,1687492090
149,kayangel,8.0823,134.7173,28.46,74,65,2.29,PW,1687492090
150,lerwick,60.1545,-1.1494,11.0,91,12,2.11,GB,1687492091
151,rongelap,11.1635,166.8941,28.01,79,97,7.52,MH,1687492091
152,taro,-8.3862,115.28,25.0,44,6,1.59,ID,1687492091
153,dodola,6.9833,39.1833,11.81,80,59,0.7,ET,1687492092
154,kenscoff,18.4506,-72.2869,20.08,79,98,5.66,HT,1687492092
155,usogorsk,63.4106,48.6872,14.19,47,60,1.65,RU,1687492092
156,iqaluit,63.7506,-68.5145,2.85,74,40,2.57,CA,1687492093
157,tomatlan,19.9333,-105.25,24.6,83,28,0.75,MX,1687492093
158,xilin hot,43.9667,116.0333,33.16,17,52,5.06,CN,1687492094
159,sao tome,0.3365,6.7273,24.02,88,75,6.17,ST,1687492094
160,zhangye,38.9342,100.4517,27.89,25,100,5.28,CN,1687492094
161,pombas,17.1503,-25.0201,23.88,82,28,4.35,CV,1687492094
162,pervomayskoye,43.919,46.7102,21.98,66,98,3.78,RU,1687492095
163,igarka,67.4667,86.5833,8.71,92,100,3.25,RU,1687492095
164,sierra vista southeast,31.4539,-110.2164,27.42,12,100,3.09,US,1687492096
165,bredasdorp,-34.5322,20.0403,10.2,77,0,2.61,ZA,1687492096
166,tura,25.5198,90.2201,28.87,74,39,2.01,IN,1687492096
167,hilo,19.7297,-155.09,27.38,81,75,3.6,US,1687492008
168,lihue,21.9789,-159.3672,29.58,71,75,8.23,US,1687492096
169,rye,40.9807,-73.6837,20.69,83,75,0.45,US,1687491947
170,katsuura,35.1333,140.3,22.01,85,100,1.78,JP,1687492097
171,malanje,-9.5402,16.341,11.93,40,50,1.41,AO,1687492097
172,ta`u,-14.2336,-169.5144,27.52,75,35,2.8,AS,1687492098
173,villa huidobro,-34.8383,-64.5869,9.74,80,84,2.72,AR,1687492099
174,tralee,52.2704,-9.7026,15.91,98,100,2.45,IE,1687492099
175,aruppukkottai,9.5167,78.1,32.24,55,100,1.13,IN,1687492100
176,okakarara,-20.5833,17.4333,8.47,22,0,2.14,NA,1687492100
177,udachny,66.4167,112.4,16.92,67,100,5.19,RU,1687492101
178,sant'antioco,39.0664,8.4522,21.42,89,29,4.89,IT,1687492101
179,bubaque,11.2833,-15.8333,26.77,83,93,4.94,GW,1687492092
180,ciechanow,52.8814,20.62,16.92,69,72,2.88,PL,1687492102
181,bethanie,-26.4833,17.15,13.68,26,0,2.73,NA,1687492102
182,kuanda,56.3161,116.0806,28.07,34,5,1.96,RU,1687492103
183,enewetak,11.3474,162.3373,28.17,79,39,8.41,MH,1687492103
184,raja,8.4596,25.678,21.05,99,100,0.39,SS,1687492104
185,utrik,11.2278,169.8474,28.14,75,24,6.21,MH,1687492104
186,barranca,-10.75,-77.7667,19.64,79,36,3.74,PE,1687492104
187,mafraq,32.3333,37.9167,23.3,37,0,4.3,JO,1687492105
188,whistler,50.1164,-122.9695,18.66,70,58,1.2,CA,1687492105
189,pipar,26.3856,73.5378,30.84,58,52,7.05,IN,1687492105
190,labytnangi,66.6572,66.4183,5.62,68,89,1.78,RU,1687492105
191,hadibu,12.65,54.0333,27.16,77,69,8.94,YE,1687492105
192,kabalo,-6.05,26.9167,21.6,66,68,1.41,CD,1687492106
193,bathsheba,13.2167,-59.5167,27.34,89,75,5.14,BB,1687492106
194,grovedale,-38.2,144.35,11.28,77,100,2.79,AU,1687492106
195,bouca,6.5105,18.2733,21.14,94,100,1.19,CF,1687492107
196,natal,-5.795,-35.2094,23.36,100,20,2.57,BR,1687492004
197,colombo,6.9319,79.8478,27.97,79,89,5.38,LK,1687492107
198,doctor juan leon mallorquin,-25.4,-55.2667,16.85,98,78,1.7,PY,1687492108
199,lewisville,33.0462,-96.9942,30.25,64,0,3.09,US,1687491960
200,chesma,53.8111,60.6533,12.39,68,98,1.51,RU,1687492109
201,mersing,2.4312,103.8405,30.95,79,40,2.06,MY,1687491678
202,newman,37.3138,-121.0208,20.99,57,18,4.02,US,1687492109
203,eenhana,-17.4667,16.3333,9.69,27,0,3.26,NA,1687492109
204,tereze,43.9361,42.4434,14.04,83,100,1.64,RU,1687492110
205,fort bragg,35.139,-79.006,23.08,97,75,1.54,US,1687492110
206,letlhakane,-21.4167,25.5833,10.39,87,0,4.34,BW,1687492110
207,torrox,36.7579,-3.9523,23.54,59,0,1.34,ES,1687492110
208,kruisfontein,-34.0033,24.7314,7.71,78,0,3.5,ZA,1687492111
209,ilulissat,69.2167,-51.1,1.01,86,75,2.06,GL,1687492111
210,nagqu,31.5,92.0,10.66,19,1,0.53,CN,1687492111
211,iskateley,67.6803,53.1512,9.38,65,61,3.33,RU,1687492111
212,tekkali,18.6167,84.2333,27.13,82,100,1.22,IN,1687492112
213,klyuchi,52.2667,79.1667,17.24,39,87,4.29,RU,1687492112
214,okhotsk,59.3833,143.3,16.44,64,24,3.67,RU,1687492112
215,melchor de mencos,17.0686,-89.1522,29.0,74,100,5.14,GT,1687492113
216,savran,48.1322,30.0825,21.47,65,50,3.04,UA,1687492113
217,mount isa,-20.7333,139.5,26.87,22,83,2.06,AU,1687492092
218,hamilton,39.1834,-84.5333,20.25,85,100,0.45,US,1687492084
219,hithadhoo,-0.6,73.0833,26.95,77,100,2.83,MV,1687492114
220,saint-pierre,-21.3393,55.4781,20.87,73,0,3.09,RE,1687492115
221,petropavlovsk-kamchatsky,53.0452,158.6483,24.33,38,0,4.0,RU,1687492115
222,weno,7.4515,151.8468,27.97,89,100,1.54,FM,1687492115
223,conception bay south,47.4999,-52.9981,16.14,81,86,4.44,CA,1687492001
224,shaowu,27.3409,117.4831,23.87,98,100,1.01,CN,1687492016
225,mao,39.8885,4.2658,23.31,78,0,8.75,ES,1687492116
226,yulin,22.6333,110.15,28.93,80,100,3.12,CN,1687492117
227,cabo san lucas,22.8909,-109.9124,28.06,71,0,2.57,MX,1687492117
228,chebba,35.2372,11.115,25.69,48,0,2.22,TN,1687492117
229,dudinka,69.4058,86.1778,11.46,72,98,4.41,RU,1687492117
230,betioky,-23.7167,44.3833,14.75,95,10,2.21,MG,1687492117
231,yuzhno-kurilsk,44.0306,145.8556,14.53,78,100,2.4,RU,1687492118
232,olonkinbyen,70.9221,-8.7187,3.1,83,85,4.11,SJ,1687492088
233,qeshm,26.9581,56.2719,31.93,77,57,3.5,IR,1687492118
234,tazovsky,67.4667,78.7,5.22,73,100,2.81,RU,1687492119
235,colonia general alfredo stroessner,-25.3667,-55.7,17.68,97,92,1.66,PY,1687492119
236,cave spring,37.2276,-80.0128,18.29,97,100,1.54,US,1687492119
237,talnakh,69.4865,88.3972,11.23,76,93,1.04,RU,1687492120
238,aden,12.7794,45.0367,30.67,70,0,4.41,YE,1687492120
239,kijang,35.2442,129.2139,26.85,78,23,3.87,KR,1687492120
240,mbanza-ngungu,-5.25,14.8667,16.37,99,35,2.61,CD,1687492121
241,banda aceh,5.5577,95.3222,29.91,61,68,3.15,ID,1687492121
242,arraial do cabo,-22.9661,-42.0278,20.67,77,16,10.29,BR,1687492122
243,thinadhoo,0.5333,72.9333,27.27,78,100,3.62,MV,1687492122
244,tolanaro,-25.0319,46.9987,19.04,94,40,5.14,MG,1687492122
245,port alfred,-33.5906,26.891,10.66,83,3,8.52,ZA,1687492123
246,narrabri,-30.3167,149.7833,16.4,51,5,2.68,AU,1687492123
247,ampanihy,-24.7,44.75,17.84,75,87,4.52,MG,1687492123
248,margineni-munteni,46.6,26.9,18.1,88,0,1.03,RO,1687492124
249,touros,-5.1989,-35.4608,24.13,83,2,5.27,BR,1687491902
250,berezovyy,51.6667,135.7,20.79,72,100,1.12,RU,1687492124
251,concepcion del oro,24.6333,-101.4167,23.68,31,76,5.99,MX,1687492125
252,keflavik,64.0049,-22.5624,12.95,100,100,12.35,IS,1687492125
253,kormilovka,55.0026,74.1028,10.21,72,100,2.77,RU,1687492126
254,anshun,26.25,105.9333,16.37,93,100,1.67,CN,1687491977
255,vila franca do campo,37.7167,-25.4333,20.23,94,68,3.77,PT,1687492126
256,jianjiang,26.5497,119.755,23.07,93,100,4.1,CN,1687492126
257,lakatoro,-16.0999,167.4164,25.22,68,95,3.77,VU,1687492127
258,cooma,-36.2333,149.1333,7.76,61,83,6.18,AU,1687492127
259,borken,51.85,6.8667,16.95,99,98,4.16,DE,1687491722
260,cockburn town,21.4612,-71.1419,28.24,86,56,10.37,TC,1687492052
261,antsiranana,-12.2787,49.2917,21.42,64,20,4.12,MG,1687492127
262,gazi,35.3253,25.0669,25.89,60,0,2.57,GR,1687492127
263,kone,-21.0595,164.8658,23.71,53,67,3.83,NC,1687492128
264,saint-joseph,-21.3667,55.6167,20.26,73,45,4.22,RE,1687492128
265,ishim,56.1128,69.4902,9.78,70,99,2.28,RU,1687491898
266,inirida,3.8653,-67.9239,23.27,98,85,0.89,CO,1687492128
267,gaspe,48.8334,-64.4819,23.12,60,100,3.09,CA,1687492128
268,lyantonde,-0.4031,31.1572,18.51,84,95,1.07,UG,1687492129
269,zaysan,47.4667,84.8667,25.74,19,86,2.79,KZ,1687492129
270,kolobrzeg,54.1757,15.5834,17.31,65,100,3.31,PL,1687491910
271,ephrata,40.1798,-76.1788,19.17,82,100,2.57,US,1687492084
272,taoudenni,22.6783,-3.9836,34.61,10,2,6.68,ML,1687492130
273,muriti,-1.9833,32.9167,23.2,66,100,4.15,TZ,1687492130
274,saint-philippe,-21.3585,55.7679,19.77,76,54,5.47,RE,1687492130
275,colonia,50.9333,6.95,16.99,83,75,5.66,DE,1687491659
276,homer,59.6425,-151.5483,15.58,84,100,2.68,US,1687492130
277,apt,43.8833,5.4,18.16,94,3,3.7,FR,1687492131
278,wolmaransstad,-27.1974,25.9831,7.95,32,0,4.69,ZA,1687492131
279,xiaoweizhai,26.1903,107.5125,20.1,98,100,1.05,CN,1687492131
280,mambajao,9.2504,124.7156,27.87,77,96,0.8,PH,1687492132
281,kailua-kona,19.6406,-155.9956,27.98,82,40,5.14,US,1687491883
282,port douglas,-16.4833,145.4667,24.75,63,91,3.35,AU,1687492006
283,maracacume,-2.0428,-45.9592,22.06,94,15,0.68,BR,1687492132
284,yaren,-0.5472,166.916,28.96,71,96,3.61,NR,1687492133
285,ouadda,8.0777,22.4007,19.25,99,100,1.09,CF,1687492133
286,extrema,-22.8547,-46.3183,12.62,77,9,2.1,BR,1687492134
287,arno,60.1167,18.6333,15.36,74,51,1.71,SE,1687492134
288,afif,23.9065,42.9172,30.54,11,0,2.02,SA,1687492134
289,lusaka,-15.4067,28.2871,12.11,74,0,4.19,ZM,1687492134
290,kongsberg,59.6652,9.6465,13.87,31,0,1.73,NO,1687492135
291,howrah,22.5892,88.3103,31.0,79,75,1.54,IN,1687491992
292,balsas,-7.5325,-46.0356,22.69,55,24,1.96,BR,1687492135
293,smithers,54.7804,-127.1743,26.18,27,20,6.17,CA,1687492135
294,bratsk,56.1325,101.6142,20.27,45,9,0.24,RU,1687492136
295,luderitz,-26.6481,15.1594,15.06,53,0,2.14,NA,1687492087
296,zaozersk,69.4005,32.4476,16.26,55,9,3.7,RU,1687492136
297,beau vallon,-20.4189,57.6953,22.34,64,40,3.6,MU,1687492136
298,nova sintra,14.8667,-24.7167,20.99,85,1,7.63,CV,1687492137
299,guia lopes da laguna,-21.4578,-56.1142,18.92,73,32,1.51,BR,1687492137
300,vila velha,-20.3297,-40.2925,17.75,86,0,1.03,BR,1687492137
301,callao,-12.0667,-77.15,21.16,68,100,5.66,PE,1687492137
302,remire-montjoly,4.9167,-52.2667,24.02,94,0,0.0,GF,1687492094
303,tubarjal,30.4999,38.216,24.75,31,0,6.29,SA,1687492138
304,at taj,24.2049,23.2857,24.23,26,0,3.0,LY,1687492138
305,mejit,10.2753,170.8646,28.31,76,37,6.05,MH,1687492138
306,chilliwack,49.1747,-121.9443,20.85,78,17,0.51,CA,1687491993
307,ola,59.5833,151.2833,26.75,74,63,3.51,RU,1687492138
308,senanga,-16.1167,23.2667,9.46,45,0,2.67,ZM,1687492139
309,sao gabriel da cachoeira,-0.1303,-67.0892,22.48,99,100,0.22,BR,1687492139
310,chishmy,54.5765,55.3764,13.13,60,83,0.99,RU,1687492139
311,kebili,33.7044,8.969,25.13,43,0,4.13,TN,1687492139
312,pangody,65.85,74.4859,2.14,90,100,4.15,RU,1687492139
313,bowleys quarters,39.3354,-76.3902,18.94,90,100,4.92,US,1687492140
314,port sudan,19.6175,37.2164,30.55,53,0,0.51,SD,1687492140
315,piti village,13.4626,144.6933,31.28,77,97,7.56,GU,1687492140
316,alo,7.4178,6.7371,22.91,98,75,0.92,NG,1687492140
317,krusevac,43.58,21.3339,20.2,89,1,1.5,RS,1687492140
318,gornopravdinsk,60.05,69.9,10.63,56,69,3.88,RU,1687492140
319,zhabinka,52.1984,24.0115,16.44,82,71,2.41,BY,1687492141
320,kiunga,-6.1219,141.2906,28.77,67,100,1.38,PG,1687492141
321,am timan,11.0297,20.2827,25.05,77,100,1.99,TD,1687492128
322,hinton,53.4001,-117.5857,10.79,97,100,2.18,CA,1687492141
323,flatwoods,38.5226,-82.7171,18.76,96,100,0.0,US,1687492142
324,darnah,32.767,22.6367,23.0,77,0,5.86,LY,1687492142
325,sao paulo de olivenca,-3.3783,-68.8725,22.42,98,100,0.4,BR,1687492142
326,ulladulla,-35.35,150.4667,15.95,42,36,5.98,AU,1687492110
327,slavyanka,42.8633,131.3847,18.69,81,99,3.41,RU,1687492143
328,ostersund,63.1792,14.6357,11.45,37,75,3.09,SE,1687492143
329,dryden,49.7833,-92.7503,14.86,93,100,2.84,CA,1687492143
330,aral,40.5156,81.2636,31.07,19,97,3.65,CN,1687492144
331,atafu village,-8.5421,-172.5159,28.39,68,32,4.83,TK,1687492100
332,walvis bay,-22.9575,14.5053,11.16,100,100,3.6,NA,1687492145
333,happy valley-goose bay,53.3168,-60.3315,13.17,94,100,1.03,CA,1687492145
334,fauske,67.2588,15.3918,12.47,97,100,2.98,NO,1687492145
335,el nido,11.1858,119.3956,28.73,73,100,0.95,PH,1687492145
336,pemangkat,1.1667,108.9667,30.28,65,34,2.08,ID,1687492146
337,al kharijah,25.4514,30.5464,24.79,33,0,2.89,EG,1687492146
338,ulsteinvik,62.3432,5.8487,13.84,89,60,5.81,NO,1687492146
339,villa gesell,-37.2639,-56.973,9.67,88,88,5.36,AR,1687492146
340,ginir,7.1333,40.7,14.04,88,100,2.29,ET,1687492147
341,hell-ville,-13.4,48.2667,19.93,72,20,0.0,MG,1687492147
342,genhe,50.7833,121.5167,27.61,22,93,1.18,CN,1687492148
343,eraan,9.0629,117.7016,28.92,71,99,0.48,PH,1687492148
344,port saint john's,-31.6229,29.5448,12.74,73,4,3.15,ZA,1687492148
345,lodja,-3.4833,23.4333,21.01,96,100,0.41,CD,1687492148
346,itaituba,-4.2761,-55.9836,24.58,79,65,0.53,BR,1687492148
347,mudu,31.252,120.5118,25.97,65,100,5.24,CN,1687492149
348,eyl,7.9803,49.8164,26.32,61,13,9.78,SO,1687492149
349,kapa'a,22.0752,-159.319,29.99,78,75,8.23,US,1687492150
350,turka,49.1541,23.0297,18.97,95,45,2.09,UA,1687492150
351,zabid,14.1951,43.3152,30.51,68,1,3.17,YE,1687492151
352,nova vicosa,-17.8919,-39.3719,21.55,69,16,2.42,BR,1687492151
353,shirvan,39.9509,48.8994,24.02,45,87,2.41,AZ,1687492152
354,kish,26.5578,54.0194,30.15,89,0,0.0,IR,1687492152
355,caleta de carquin,-11.0925,-77.6267,19.64,82,17,4.04,PE,1687492152
356,machico,32.7,-16.7667,21.35,80,20,5.14,PT,1687492153
357,arish,31.1316,33.7984,23.75,73,0,0.69,EG,1687492153
358,torghay,49.6339,63.4981,14.23,63,87,5.34,KZ,1687492136
359,talcahuano,-36.7167,-73.1167,13.82,100,100,3.6,CL,1687492080
360,al muwayh,22.4333,41.7583,29.47,20,1,1.76,SA,1687492154
361,fort st. john,56.2499,-120.8529,17.94,72,75,3.6,CA,1687492154
362,saint-pierre-du-mont,43.8845,-0.5219,16.45,94,100,1.54,FR,1687492154
363,tanumah,27.1,44.1333,31.42,16,0,6.21,SA,1687492154
364,portland,45.5234,-122.6762,27.99,43,20,4.63,US,1687491953
365,san juan,-31.5375,-68.5364,13.1,46,43,3.48,AR,1687492139
366,quellon,-43.1167,-73.6167,9.14,93,75,1.54,CL,1687492084
367,alofi,-19.0595,-169.9187,23.94,78,75,4.63,NU,1687492155
368,nuevitas,21.5453,-77.2644,27.01,89,100,3.88,CU,1687492155
369,belel,7.05,14.4333,15.97,98,99,0.79,CM,1687492156
370,kyabe,9.4515,18.9449,23.48,89,100,0.75,TD,1687492156
371,rio grande,-32.035,-52.0986,9.41,88,4,2.21,BR,1687492157
372,black point,-34.6187,137.8972,14.84,67,5,8.75,AU,1687492157
373,geraldton,-28.7667,114.6,16.23,88,75,6.69,AU,1687492157
374,encheng,22.1839,112.3026,31.09,70,100,5.33,CN,1687492157
375,lorengau,-2.0226,147.2712,28.23,78,94,2.02,PG,1687492157
376,kapuskasing,49.4169,-82.4331,24.05,46,0,4.12,CA,1687492158
377,sochi,43.6,39.7303,21.05,66,59,1.24,RU,1687492018
378,sao francisco,-15.9486,-44.8644,16.74,57,3,1.14,BR,1687492158
379,quibala,-10.7337,14.98,11.65,43,29,1.54,AO,1687492159
380,nadi,-17.8,177.4167,28.0,54,20,5.14,FJ,1687492159
381,margate,51.3813,1.3862,15.73,92,7,0.45,GB,1687492159
382,tharad,24.3961,71.6267,31.33,58,68,6.43,IN,1687492160
383,prairie grove,35.9759,-94.3177,24.25,77,0,0.0,US,1687492160
384,umluj,25.0213,37.2685,28.53,55,0,3.42,SA,1687492160
385,ascension,30.2169,-90.9001,26.26,91,0,0.0,US,1687492160
386,clearwater,27.9659,-82.8001,28.99,80,0,4.92,US,1687491682
387,la peca,-5.6111,-78.435,19.89,83,48,1.51,PE,1687492161
388,tashtyp,52.7939,89.8983,18.82,53,58,4.09,RU,1687492161
389,sovetskaya gavan',48.9723,140.2878,18.83,58,100,3.07,RU,1687492162
390,namibe,-15.1961,12.1522,17.55,88,2,2.46,AO,1687492162
391,port-gentil,-0.7193,8.7815,22.66,82,59,5.08,GA,1687492162
392,labrador city,52.9463,-66.9114,22.95,46,100,4.12,CA,1687492163
393,mstsislaw,54.0192,31.7257,17.42,94,71,3.87,BY,1687492163
394,farafangana,-22.8167,47.8333,19.34,84,35,3.03,MG,1687492163
395,wagar,16.1525,36.2032,29.62,52,10,2.36,SD,1687492164
396,quatre cocos,-20.2078,57.7625,22.27,59,37,3.89,MU,1687492164
397,southside,33.9245,-86.0225,21.06,98,100,0.0,US,1687492164
398,huilong,31.8111,121.655,26.67,66,100,4.91,CN,1687492164
399,puerto baquerizo moreno,-0.9,-89.6,24.09,80,87,5.37,EC,1687492164
400,ciudad lazaro cardenas,17.9583,-102.2,27.34,77,17,2.01,MX,1687492165
401,george town,5.4112,100.3354,31.96,74,20,3.6,MY,1687491543
402,ingeniero jacobacci,-41.3427,-69.5448,5.98,75,93,9.89,AR,1687492166
403,punta del este,-34.9667,-54.95,10.49,96,40,1.79,UY,1687492137
404,nanzhou,29.3596,112.4024,25.58,72,100,3.52,CN,1687492166
405,dauphin,51.1494,-100.0502,18.08,72,0,3.09,CA,1687492166
406,kavaratti,10.5669,72.642,28.98,74,95,8.55,IN,1687492166
407,pacifica,37.6138,-122.4869,16.47,90,75,6.26,US,1687492167
408,loughrea,53.1969,-8.5669,14.95,95,100,6.61,IE,1687492167
409,karratha,-20.7377,116.8463,21.6,29,2,4.83,AU,1687492111
410,whitecourt,54.1502,-115.6855,17.58,55,75,7.2,CA,1687492168
411,panshi,42.9422,126.0561,27.39,49,13,1.71,CN,1687492168
412,manta,-0.95,-80.7333,26.67,89,40,8.05,EC,1687492168
413,bellavista,-7.0561,-76.5911,21.57,84,67,0.51,PE,1687492169
414,ebon,4.582,168.6964,28.6,77,67,6.78,MH,1687492169
415,katabu,-4.9333,122.5167,30.5,55,97,3.28,ID,1687492169
416,severo-yeniseyskiy,60.3725,93.0408,11.62,73,100,5.21,RU,1687492105
417,villa yapacani,-17.4,-63.8333,22.66,79,100,1.96,BO,1687492170
418,chandbali,20.7833,86.7667,32.58,57,100,0.71,IN,1687492170
419,galliano,29.4422,-90.2992,25.0,94,0,0.0,US,1687492170
420,pandan,14.0453,124.1694,30.93,65,74,2.56,PH,1687492171
421,kirriemuir,56.674,-3.0034,12.18,83,100,1.28,GB,1687492171
422,acapulco de juarez,16.8634,-99.8901,29.9,70,20,2.57,MX,1687492171
423,chokwe,-24.5333,32.9833,15.23,95,17,1.98,MZ,1687492171
424,half moon,34.826,-77.4594,26.12,91,75,4.63,US,1687492172
425,lamu,-2.2717,40.902,25.12,77,74,6.25,KE,1687492172
426,zav'yalovo,56.7847,53.3776,13.57,63,99,2.48,RU,1687492172
427,kristiansund,63.1115,7.732,11.03,87,100,9.77,NO,1687492172
428,antofagasta,-23.65,-70.4,16.6,83,9,2.36,CL,1687491964
429,sorel-tracy,46.0334,-73.1159,19.23,86,0,1.73,CA,1687492174
430,punta arenas,-53.15,-70.9167,3.06,87,100,5.66,CL,1687492174
431,iquitos,-3.7481,-73.2472,24.02,88,20,0.0,PE,1687492174
432,goundam,16.4145,-3.6708,33.87,32,66,5.49,ML,1687492175
433,sayansk,54.1088,102.1648,22.51,43,44,2.08,RU,1687492175
434,al mijlad,11.0333,27.7333,24.55,81,100,6.17,SD,1687492175
435,san luis de la loma,17.2706,-100.8939,27.85,77,32,1.56,MX,1687492175
436,queenstown,-31.8976,26.8753,4.73,74,0,1.46,ZA,1687492176
437,owando,-0.4819,15.8999,22.55,79,99,1.42,CG,1687492176
438,along,28.1667,94.7667,30.18,67,64,0.74,IN,1687492176
439,pontianak,-0.0333,109.3333,27.99,83,75,2.06,ID,1687492177
440,muscat,23.6139,58.5922,34.01,50,13,2.04,OM,1687491990
441,lucon,46.4577,-1.1651,18.05,87,14,1.29,FR,1687492177
442,claveria,18.6074,121.0832,31.25,67,55,3.38,PH,1687492177
443,sinabang,2.4803,96.3801,29.49,67,87,2.67,ID,1687492177
444,megeve,45.8523,6.6129,12.21,99,100,1.45,FR,1687492178
445,gaiman,-43.2897,-65.4929,14.11,47,100,5.65,AR,1687492178
446,hami,42.8,93.45,32.54,16,61,3.41,CN,1687492179
447,vilyuysk,63.7553,121.6247,25.28,30,81,5.3,RU,1687492179
448,tres arroyos,-38.3739,-60.2798,11.65,74,100,7.18,AR,1687492179
449,susuman,62.7833,148.1667,25.06,33,100,1.34,RU,1687492179
450,oyama,36.3,139.8,24.77,63,100,1.89,JP,1687492180
451,darwin,-12.4611,130.8418,30.99,51,75,2.68,AU,1687492089
452,kirkwood,38.5834,-90.4068,24.97,71,83,0.43,US,1687492101
453,maxixe,-23.8597,35.3472,17.9,82,20,1.54,MZ,1687492181
454,nassau,40.7507,-73.5829,20.08,82,100,2.57,US,1687492181
455,bahia blanca,-38.7196,-62.2724,12.68,78,100,7.15,AR,1687492181
456,hotan,37.0997,79.9269,32.26,12,0,3.98,CN,1687492181
457,chonchi,-42.6128,-73.8092,8.56,94,8,1.84,CL,1687492096
458,playa del ingles,27.7567,-15.5787,21.89,74,5,4.46,ES,1687492182
459,sokoni,-6.4333,39.55,24.92,69,77,6.83,TZ,1687492182
460,mil'kovo,55.6078,37.7956,14.27,95,100,2.02,RU,1687492104
461,turpan,42.9333,89.1667,36.56,17,12,0.77,CN,1687492183
462,kataba,13.9833,44.3833,20.08,54,1,0.97,YE,1687492184
463,bonne terre,37.9231,-90.5554,22.2,75,33,0.95,US,1687492184
464,veraval,20.9,70.3667,29.2,76,100,4.34,IN,1687492184
465,vadso,70.0744,29.7487,15.49,67,0,2.06,NO,1687492184
466,kargil,34.5667,76.1,17.34,18,0,0.96,IN,1687492185
467,totnes,50.4311,-3.6843,15.93,91,94,2.41,GB,1687492185
468,namie,37.4833,141.0,24.84,81,100,2.02,JP,1687492185
469,zhumysker,49.3333,49.4,18.5,38,80,4.21,KZ,1687492185
470,benghazi,32.1167,20.0667,23.48,75,0,5.76,LY,1687491939
471,trinidad,-14.8333,-64.9,22.36,86,9,1.53,BO,1687492186
472,al artawiyah,26.5053,45.3444,32.32,15,0,5.85,SA,1687492186
473,meadow lakes,61.6247,-149.6011,18.47,80,100,1.54,US,1687492187
474,ad dilam,23.9915,47.1627,30.23,14,0,1.19,SA,1687492187
475,lesnoy,57.6198,63.0784,14.64,50,99,0.58,RU,1687492187
476,kuqa,41.7278,82.9364,30.56,18,58,1.32,CN,1687492187
477,yallahs,17.8748,-76.5624,30.85,85,87,4.61,JM,1687492188
478,guangyuan,32.442,105.823,29.6,50,71,1.71,CN,1687492188
479,castillos,-34.1667,-53.8333,9.47,95,27,2.18,UY,1687492188
480,miracema do tocantins,-9.5618,-48.3967,23.73,54,25,0.74,BR,1687492189
481,lazaro cardenas,17.9583,-102.2,27.34,77,17,2.01,MX,1687492165
482,dhidhdhoo,6.8833,73.1,28.58,75,100,6.83,MV,1687492189
483,borger,52.9233,6.7931,16.56,92,100,2.94,NL,1687492183
484,tommot,58.9564,126.2925,21.81,50,57,3.34,RU,1687492126
485,oroqen zizhiqi,50.5667,123.7167,22.76,34,100,1.7,CN,1687492190
486,sisimiut,66.9395,-53.6735,1.4,86,93,4.21,GL,1687492190
487,vodnyy,63.5046,53.4095,11.36,53,81,1.89,RU,1687492190
488,xinji,37.9028,115.2036,40.27,15,12,7.19,CN,1687492191
489,barcelos,41.5388,-8.6151,19.91,84,0,1.45,PT,1687491759
490,puerto san jose,13.9256,-90.8244,26.65,81,100,1.43,GT,1687492148
491,krivosheino,57.3431,83.9261,8.44,92,100,3.96,RU,1687492191
492,uliastay,47.7417,96.8444,21.51,33,83,5.07,MN,1687492150
493,marsabit,2.3284,37.9899,15.64,89,87,7.7,KE,1687492192
494,nantucket,41.2835,-70.0995,17.08,100,100,4.63,US,1687491984
495,mana,5.6592,-53.7767,25.03,90,14,3.5,GF,1687492192
496,lastoursville,-0.8143,12.7287,21.22,90,35,1.04,GA,1687492192
497,grandola,38.1772,-8.5668,17.42,78,0,2.8,PT,1687492192
498,zemio,5.0314,25.1361,19.05,99,100,0.84,CF,1687492193
499,kupang,-10.1667,123.5833,32.32,51,20,4.12,ID,1687492193
500,tingo maria,-9.2895,-76.0088,19.51,86,27,1.09,PE,1687492193
501,tamanrasset,22.785,5.5228,21.95,11,0,2.06,DZ,1687492193
502,mata-utu,-13.2816,-176.1745,27.94,75,79,4.47,WF,1687492193
503,thunder bay,48.4001,-89.3168,13.99,94,20,3.09,CA,1687492194
504,perry,37.2506,-83.1999,20.1,99,100,0.52,US,1687492194
505,midway,35.9535,-80.2181,19.06,96,100,2.41,US,1687492194
506,heihe,50.2441,127.4902,22.32,30,40,4.84,CN,1687492194
507,santa elena de uairen,4.6167,-61.1333,20.29,90,100,1.19,VE,1687492195
508,ormara,25.2088,64.6357,28.65,77,100,3.25,PK,1687492195
509,vung tau,10.346,107.0843,29.56,72,98,3.0,VN,1687492195
510,qui nhon,13.7667,109.2333,32.94,56,56,4.34,VN,1687492195
511,nema,57.5067,50.5011,12.13,67,100,2.13,RU,1687492196
512,korla,41.7597,86.1469,30.56,23,97,2.44,CN,1687492196
513,kegen,43.0197,79.2203,19.65,45,1,1.15,KZ,1687492196
514,cotonou,6.3654,2.4183,25.99,89,40,3.09,BJ,1687492197
515,gunjur,13.2019,-16.7339,27.04,83,0,3.09,GM,1687492197
516,guerrero negro,27.9769,-114.0611,17.09,80,99,8.98,MX,1687492197
517,hammerfest,70.6634,23.6821,18.25,68,2,4.63,NO,1687492197
518,almunecar,36.7339,-3.6907,24.27,59,0,1.77,ES,1687492198
519,ataq,14.5377,46.8319,23.92,56,4,5.26,YE,1687492198
520,baran',54.4764,30.3181,16.56,93,83,4.47,BY,1687492198
521,abepura,-2.6333,140.5833,29.45,66,20,3.09,ID,1687492198
522,novodvinsk,64.4165,40.8122,15.31,48,9,1.31,RU,1687492199
523,verkhnevilyuysk,63.4453,120.3167,25.28,30,62,4.45,RU,1687492199
524,assab,13.0092,42.7394,30.65,69,8,1.65,ER,1687492199
525,prince rupert,54.3161,-130.3201,14.05,88,0,3.6,CA,1687492199
526,kutum,14.2,24.6667,25.0,53,100,3.37,SD,1687492199
527,torbali,38.1519,27.3622,22.57,66,0,2.55,TR,1687492199
528,saudarkrokur,65.7461,-19.6394,11.63,86,100,2.72,IS,1687492200
529,alabat,14.1028,122.0153,29.33,69,84,4.78,PH,1687492200
530,alaghsas,17.0187,8.0168,30.45,19,86,4.76,NE,1687492200
531,aldan,58.6031,125.3894,20.21,45,38,3.12,RU,1687492200
532,verkhniy baskunchak,48.2256,46.7217,19.85,34,2,3.83,RU,1687492201
533,yakeshi,49.2833,120.7333,26.65,28,27,3.13,CN,1687492202
534,kavieng,-2.5744,150.7967,29.03,71,48,2.43,PG,1687492202
535,lakki,32.6079,70.9114,40.96,22,0,2.5,PK,1687492202
536,dakhla,23.6848,-15.958,20.25,89,4,8.35,EH,1687492203
537,el sauzal de rodriguez,31.9,-116.6833,16.34,72,1,3.31,MX,1687492203
538,santos dumont,-21.4567,-43.5525,12.54,82,6,1.23,BR,1687492203
539,kankakee,41.15,-87.8667,21.84,66,100,0.0,US,1687492204
540,dubbo,-32.25,148.6167,14.07,58,40,7.72,AU,1687492140
541,khovd,48.0056,91.6419,22.59,22,99,1.11,MN,1687492204
542,nasiriyah,31.0521,46.261,34.93,14,0,4.99,IQ,1687492204
543,tyukhtet,56.5389,89.3011,15.13,52,97,5.36,RU,1687492205
544,durango,24.8333,-104.8333,19.83,60,100,7.64,MX,1687491920
545,alto araguaia,-17.3147,-53.2153,17.28,45,17,1.59,BR,1687492205
546,toliara,-23.35,43.6667,18.26,88,34,5.45,MG,1687492205
547,paraparaumu,-40.9167,175.0167,16.09,84,100,2.22,NZ,1687492206
548,bouarfa,32.53,-1.95,21.43,51,0,3.66,MA,1687492206
549,visby,57.6409,18.296,17.12,82,50,2.57,SE,1687492206
550,bogale,16.2833,95.4,29.75,71,98,4.43,MM,1687492206
551,luzino,54.9481,73.0353,9.87,66,75,3.0,RU,1687492206
552,meadow lake,34.8014,-106.5436,30.71,14,70,3.86,US,1687492206
553,yur'yevets,57.3201,43.1041,12.48,68,3,3.03,RU,1687492207
554,carbonear,47.7332,-53.2148,16.53,79,84,4.42,CA,1687492207
555,hanak,41.2336,42.8472,10.63,88,94,1.42,TR,1687492208
556,island harbour,50.724,-1.2758,17.18,90,85,0.45,GB,1687492208
557,codrington,-38.2667,141.9667,11.8,69,21,2.31,AU,1687492209
558,gejiu,23.306,103.1635,17.82,86,97,1.37,CN,1687492209
559,jining,35.405,116.5814,38.44,19,1,4.04,CN,1687492209
560,dikhil,11.5,42.1667,30.68,42,24,0.34,DJ,1687492209
561,smirnykh,49.75,142.8333,23.06,52,87,4.29,RU,1687492210
562,paita,-5.0892,-81.1144,21.9,80,51,5.19,PE,1687492210
563,magdalena de kino,30.6333,-110.95,25.79,13,18,2.03,MX,1687492210
564,daulatpur,26.5015,67.9706,35.54,46,4,2.94,PK,1687492210
